Rk,Player,Pos,Age,Tm,G,GS,MP,TRB,AST,STL,BLK,TOV,PTS
,,,,,,,,,,,,,
1,Steven Adams,C,26,OKC,63,63,26.7,9.3,2.3,0.8,1.1,1.5,10.9
2,Bam Adebayo,PF,22,MIA,72,72,33.6,10.2,5.1,1.1,1.3,2.8,15.9
3,LaMarcus Aldridge,C,34,SAS,53,53,33.1,7.4,2.4,0.7,1.6,1.4,18.9
4,Kyle Alexander,C,23,MIA,2,0,6.5,1.5,0,0,0,0.5,1
5,Nickeil Alexander-Walker,SG,21,NOP,47,1,12.6,1.8,1.9,0.4,0.2,1.1,5.7
6,Grayson Allen,SG,24,MEM,38,0,18.9,2.2,1.4,0.3,0.1,0.9,8.7
7,Jarrett Allen,C,21,BRK,70,64,26.5,9.6,1.6,0.6,1.3,1.1,11.1
8,Kadeem Allen,PG,27,NYK,10,0,11.7,0.9,2.1,0.5,0.2,0.8,5
9,Al-Farouq Aminu,PF,29,ORL,18,2,21.1,4.8,1.2,1,0.4,0.9,4.3
10,Justin Anderson,SG,26,BRK,10,1,10.7,2.1,0.8,0,0.6,0.4,2.8
11,Kyle Anderson,SF,26,MEM,67,28,19.9,4.3,2.4,0.8,0.6,1,5.8
12,Ryan Anderson,C,31,HOU,2,0,7,3.5,1,0.5,0,0.5,2.5
13,Giannis Antetokounmpo,PF,25,MIL,63,63,30.4,13.6,5.6,1,1,3.7,29.5
14,Kostas Antetokounmpo,PF,22,LAL,5,0,4,0.6,0.4,0,0,0.2,1.4
15,Thanasis Antetokounmpo,SF,27,MIL,20,2,6.5,1.2,0.8,0.4,0.1,0.6,2.8
16,Carmelo Anthony,PF,35,POR,58,58,32.8,6.3,1.5,0.8,0.5,1.7,15.4
17,OG Anunoby,SF,22,TOR,69,68,29.9,5.3,1.6,1.4,0.7,1.1,10.6
18,Ryan Arcidiacono,PG,25,CHI,58,4,16,1.9,1.7,0.5,0.1,0.6,4.5
19,Trevor Ariza,SF,34,TOT,53,21,28.2,4.6,1.7,1.3,0.3,1.1,8
19,Trevor Ariza,SF,34,SAC,32,0,24.7,4.6,1.6,1.1,0.2,0.9,6
19,Trevor Ariza,SF,34,POR,21,21,33.4,4.8,2,1.6,0.4,1.3,11
20,D.J. Augustin,PG,32,ORL,57,13,24.9,2.1,4.6,0.6,0,1.5,10.5
21,Deandre Ayton,C,21,PHO,38,32,32.5,11.5,1.9,0.7,1.5,2.1,18.2
22,Dwayne Bacon,SG,24,CHO,39,11,17.6,2.6,1.3,0.6,0.1,0.9,5.7
23,Marvin Bagley III,C,20,SAC,13,6,25.7,7.5,0.8,0.5,0.9,1.4,14.2
24,Lonzo Ball,PG,22,NOP,63,54,32.1,6.1,7,1.4,0.6,3.1,11.8
25,Mo Bamba,C,21,ORL,62,0,14.2,4.9,0.7,0.4,1.4,0.7,5.4
26,J.J. Barea,PG,35,DAL,29,6,15.5,1.8,3.9,0.2,0.1,1.3,7.7
27,Harrison Barnes,PF,27,SAC,72,72,34.5,4.9,2.2,0.6,0.2,1.2,14.5
28,RJ Barrett,SG,19,NYK,56,55,30.4,5,2.6,1,0.3,2.2,14.3
29,Will Barton,SF,29,DEN,58,58,33,6.3,3.7,1.1,0.5,1.5,15.1
30,Keita Bates-Diop,PF-SF,24,TOT,44,0,16.9,2.9,0.7,0.4,0.5,0.4,6.5
30,Keita Bates-Diop,PF,24,MIN,37,0,17.5,3,0.8,0.5,0.5,0.4,6.8
30,Keita Bates-Diop,SF,24,DEN,7,0,14,2.4,0,0.3,0.6,0.4,5.3
31,Nicolas Batum,SF,31,CHO,22,3,23,4.5,3,0.8,0.4,1,3.6
32,Aron Baynes,C,33,PHO,42,28,22.2,5.6,1.6,0.2,0.5,1.2,11.5
33,Kent Bazemore,SF,30,TOT,68,21,24.8,4.3,1.4,1.1,0.6,1.3,8.8
33,Kent Bazemore,SF,30,POR,43,21,25.8,4,1.4,1,0.7,1.4,7.9
33,Kent Bazemore,SF,30,SAC,25,0,23.1,4.9,1.3,1.2,0.4,1.2,10.3
34,Darius Bazley,PF,19,OKC,61,9,18.5,4,0.7,0.4,0.7,0.7,5.6
35,Bradley Beal,SG,26,WAS,57,57,36,4.2,6.1,1.2,0.4,3.4,30.5
36,Malik Beasley,SG,23,TOT,55,14,22,2.7,1.4,0.7,0.1,1,11.2
36,Malik Beasley,SG,23,DEN,41,0,18.2,1.9,1.2,0.8,0.1,0.9,7.9
36,Malik Beasley,SG,23,MIN,14,14,33.1,5.1,1.9,0.6,0.1,1.5,20.7
37,Marco Belinelli,SG,33,SAS,57,0,15.5,1.7,1.2,0.2,0,0.3,6.3
38,Jordan Bell,C,25,TOT,29,0,8.8,2.8,0.6,0.1,0.3,0.7,3.2
38,Jordan Bell,C,25,MIN,27,0,8.7,2.9,0.5,0.1,0.4,0.7,3.1
38,Jordan Bell,C,25,MEM,2,0,10.5,1.5,1,0.5,0,1.5,5
39,DeAndre' Bembry,SG,25,ATL,43,4,21.3,3.5,1.9,1.3,0.4,1.4,5.8
40,Dragan Bender,PF-C,22,TOT,16,3,17.9,4.6,1.8,0.3,0.6,1.3,6.7
40,Dragan Bender,C,22,MIL,7,0,13,2.9,1.3,0,0.7,0.7,3.7
40,Dragan Bender,PF,22,GSW,9,3,21.7,5.9,2.1,0.4,0.4,1.8,9
41,Dāvis Bertāns,PF,27,WAS,54,4,29.3,4.5,1.7,0.7,0.6,1.1,15.4
42,Patrick Beverley,PG,31,LAC,51,50,26.3,5.2,3.6,1.1,0.5,1.3,7.9
43,Khem Birch,C,27,ORL,48,24,19.2,4.6,1,0.4,0.5,0.6,4.4
44,Goga Bitadze,C,20,IND,54,2,8.7,2,0.4,0.2,0.7,0.5,3.2
45,Bismack Biyombo,C,27,CHO,53,29,19.4,5.8,0.9,0.2,0.9,0.9,7.4
46,Nemanja Bjelica,PF,31,SAC,72,67,27.9,6.4,2.8,0.9,0.6,1.4,11.5
47,Eric Bledsoe,PG,30,MIL,61,61,27,4.6,5.4,0.9,0.4,2.4,14.9
48,Bogdan Bogdanović,SG,27,SAC,61,28,29,3.4,3.4,1,0.2,1.7,15.1
49,Bojan Bogdanović,SF,30,UTA,63,63,33.1,4.1,2.1,0.5,0.1,2.5,20.2
50,Bol Bol,PF,20,DEN,7,0,12.4,2.7,0.9,0.3,0.9,1.4,5.7
51,Jonah Bolden,C,24,TOT,7,0,6.7,1.3,0,0.4,0.3,0.3,1.4
51,Jonah Bolden,C,24,PHI,4,0,3.5,0.3,0,0.3,0,0.5,1
51,Jonah Bolden,C,24,PHO,3,0,11,2.7,0,0.7,0.7,0,2
52,Marques Bolden,C,21,CLE,1,0,3,2,0,1,0,0,0
53,Jordan Bone,PG,22,DET,10,0,5.3,0.4,0.8,0.1,0,0.2,1.2
54,Isaac Bonga,SF,20,WAS,66,49,18.9,3.4,1.2,0.7,0.3,0.9,5
55,Devin Booker,SG,23,PHO,70,70,35.9,4.2,6.5,0.7,0.3,3.8,26.6
56,Chris Boucher,C,27,TOR,62,0,13.2,4.5,0.4,0.4,1,0.5,6.6
57,Brian Bowen,SF,21,IND,6,1,5.2,1.2,0,0,0.2,0.2,1
58,Ky Bowman,PG,22,GSW,45,12,22.6,2.7,2.9,1,0.2,1.6,7.4
59,Avery Bradley,SG,29,LAL,49,44,24.2,2.3,1.3,0.9,0.1,1,8.6
60,Tony Bradley,C,22,UTA,58,3,11.4,4.6,0.4,0.2,0.6,0.5,4.9
61,Jarrell Brantley,PF,23,UTA,9,0,10.7,2.2,1.2,0.3,0.6,0.8,2.7
62,Ignas Brazdeikis,SF,21,NYK,9,0,5.9,0.6,0.4,0,0.1,0.2,1.9
63,Corey Brewer,PF,33,SAC,5,0,6.6,1.6,0.4,0.8,0,0.4,1
64,Mikal Bridges,SF,23,PHO,73,32,28,4,1.8,1.4,0.6,1,9.1
65,Miles Bridges,SF,21,CHO,65,64,30.7,5.6,1.8,0.6,0.7,1.5,13
66,Oshae Brissett,SF,21,TOR,19,0,7.1,1.4,0.4,0.2,0.1,0.4,1.9
67,Ryan Broekhoff,SF,29,DAL,17,1,10.6,2.5,0.6,0.3,0.2,0.4,4.2
68,Malcolm Brogdon,PG,27,IND,54,54,30.9,4.9,7.1,0.6,0.2,2.4,16.5
69,Dillon Brooks,SG,24,MEM,73,73,28.9,3.3,2.1,0.9,0.4,1.7,16.2
70,Bruce Brown,PG,23,DET,58,43,28.2,4.7,4,1.1,0.5,1.7,8.9
71,Charlie Brown,SG,22,ATL,10,0,4,0.4,0.2,0.2,0.2,0.3,2
72,Jaylen Brown,SG,23,BOS,57,57,33.9,6.4,2.1,1.1,0.4,2.2,20.3
73,Moses Brown,C,20,POR,9,0,3.7,1.6,0.1,0.1,0.1,0.3,1.2
74,Sterling Brown,SF,24,MIL,52,1,14.8,3.5,1,0.6,0.1,0.8,5.1
75,Troy Brown Jr.,SF,20,WAS,69,22,25.8,5.6,2.6,1.2,0.1,1.1,10.4
76,Jalen Brunson,PG,23,DAL,57,16,17.9,2.4,3.3,0.4,0.1,1.2,8.2
77,Thomas Bryant,C,22,WAS,46,36,24.9,7.2,1.8,0.5,1.1,1.2,13.2
78,Reggie Bullock,SG,28,NYK,29,19,23.6,2.3,1.4,0.9,0.1,0.7,8.1
79,Trey Burke,PG,27,TOT,33,1,15.8,1.5,2.5,0.5,0.1,0.6,7.4
79,Trey Burke,PG,27,PHI,25,0,13.2,1.4,2.1,0.3,0,0.5,5.9
79,Trey Burke,PG,27,DAL,8,1,23.9,1.9,3.8,1.1,0.1,1.1,12
80,Alec Burks,SF-SG,28,TOT,66,19,26.6,4.3,2.9,0.9,0.3,1.4,15
80,Alec Burks,SF,28,GSW,48,18,29,4.7,3.1,1,0.4,1.6,16.1
80,Alec Burks,SG,28,PHI,18,1,20.2,3.1,2.1,0.7,0,0.8,12.2
81,Deonte Burton,SF,26,OKC,39,0,9.1,1.5,0.4,0.2,0.3,0.5,2.7
82,Jimmy Butler,SF,30,MIA,58,58,33.8,6.7,6,1.8,0.6,2.2,19.9
83,Bruno Caboclo,C,24,TOT,30,0,8.1,2,0.4,0.5,0.6,0.4,3
83,Bruno Caboclo,C,24,MEM,22,0,8.7,2,0.5,0.5,0.5,0.3,2.8
83,Bruno Caboclo,C,24,HOU,8,0,6.5,2,0.3,0.6,0.6,0.8,3.5
84,Devontae Cacok,C,23,LAL,1,0,9,5,1,0,0,0,6
85,Kentavious Caldwell-Pope,SG,26,LAL,69,26,25.5,2.1,1.6,0.8,0.2,0.9,9.3
86,Vlatko Čančar,PF,22,DEN,14,0,3.2,0.7,0.2,0.1,0.1,0.2,1.2
87,Clint Capela,C,25,HOU,39,39,32.8,13.8,1.2,0.8,1.8,1.6,13.9
88,DeMarre Carroll,SF-C,33,TOT,24,0,12.1,2.3,1,0.3,0.2,0.7,3.6
88,DeMarre Carroll,SF,33,SAS,15,0,9,2.1,0.7,0.1,0.1,0.7,2.2
88,DeMarre Carroll,C,33,HOU,9,0,17.2,2.7,1.6,0.7,0.3,0.8,6
89,Jevon Carter,PG,24,PHO,58,2,16.3,2,1.4,0.8,0.3,0.6,4.9
90,Vince Carter,PF,43,ATL,60,0,14.6,2.1,0.8,0.4,0.4,0.6,5
91,Wendell Carter Jr.,C,20,CHI,43,43,29.2,9.4,1.2,0.8,0.8,1.7,11.3
92,Michael Carter-Williams,SG,28,ORL,45,0,18.5,3.3,2.4,1.1,0.5,1.2,7.2
93,Alex Caruso,PG,25,LAL,64,2,18.4,1.9,1.9,1.1,0.3,0.8,5.5
94,Willie Cauley-Stein,C,26,TOT,54,39,20.3,5.8,1.3,0.9,1.1,0.7,7.2
94,Willie Cauley-Stein,C,26,GSW,41,37,22.9,6.2,1.5,1.1,1.2,0.9,7.9
94,Willie Cauley-Stein,C,26,DAL,13,2,12.1,4.6,0.8,0.3,0.8,0.4,5.2
95,Tyson Chandler,C,37,HOU,26,5,8.4,2.5,0.2,0.2,0.3,0.3,1.3
96,Wilson Chandler,PF,32,BRK,35,3,21,4.1,1.1,0.5,0.3,1,5.9
97,Joe Chealey,PG,24,CHO,4,0,8.3,0,0.3,1,0,0.5,0.5
98,Zylan Cheatham,PF,24,NOP,4,0,12.8,2.3,0.8,0.3,0.3,1,3
99,Chris Chiozza,PG,24,TOT,28,2,14.3,1.9,3,0.8,0.1,1.1,5.1
99,Chris Chiozza,PG,24,WAS,10,0,12.3,1.5,2.8,1,0.2,0.9,2.7
99,Chris Chiozza,PG,24,BRK,18,2,15.4,2.1,3.1,0.6,0.1,1.3,6.4
100,Marquese Chriss,PF,22,GSW,59,21,20.3,6.2,1.9,0.7,1.1,1.3,9.3
101,Gary Clark,SF-PF,25,TOT,42,5,13.5,2.6,0.4,0.1,0.5,0.2,3.7
101,Gary Clark,PF,25,HOU,18,0,11.8,2.2,0.7,0.1,0.4,0.1,3.9
101,Gary Clark,SF,25,ORL,24,5,14.8,2.9,0.2,0.2,0.6,0.3,3.6
102,Brandon Clarke,PF,23,MEM,58,4,22.4,5.9,1.4,0.6,0.8,0.9,12.1
103,Jordan Clarkson,SG,27,TOT,71,2,24,2.6,1.9,0.6,0.2,1.4,15.2
103,Jordan Clarkson,SG,27,CLE,29,0,23,2.4,2.4,0.6,0.3,1.3,14.6
103,Jordan Clarkson,SG,27,UTA,42,2,24.7,2.8,1.6,0.7,0.2,1.4,15.6
104,Nicolas Claxton,C,20,BRK,15,0,12.5,2.9,1.1,0.1,0.5,0.6,4.4
105,Chris Clemons,SG,22,HOU,33,0,8.8,0.9,0.8,0.3,0.2,0.6,4.9
106,Antonius Cleveland,SG,25,DAL,11,0,4.2,0.6,0.1,0.1,0.3,0.2,1
107,Amir Coffey,SG,22,LAC,18,1,8.8,0.9,0.8,0.3,0.1,0.4,3.2
108,John Collins,PF,22,ATL,41,41,33.2,10.1,1.5,0.8,1.6,1.8,21.6
109,Zach Collins,PF,22,POR,11,11,26.4,6.3,1.5,0.5,0.5,1.3,7
110,Mike Conley,PG,32,UTA,47,41,29,3.2,4.4,0.8,0.1,2,14.4
111,Pat Connaughton,SG,27,MIL,67,4,18.6,4.2,1.6,0.4,0.5,0.8,5.4
112,Quinn Cook,PG,26,LAL,44,1,11.5,1.2,1.1,0.3,0,0.8,5.1
113,Tyler Cook,PF-SF,22,TOT,13,0,4.2,1.1,0.1,0.2,0,0.2,1.8
113,Tyler Cook,PF,22,CLE,11,0,3.2,0.9,0.1,0.1,0,0.1,1.7
113,Tyler Cook,SF,22,DEN,2,0,9.5,2,0,1,0,1,2
114,Robert Covington,PF-C,29,TOT,70,68,30.5,6.6,1.3,1.6,1.3,1.5,12.4
114,Robert Covington,PF,29,MIN,48,47,29.4,6,1.2,1.7,0.9,1.5,12.8
114,Robert Covington,C,29,HOU,22,21,33,8,1.5,1.6,2.2,1.4,11.6
115,Allen Crabbe,SG-SF,27,TOT,37,1,17.6,2.1,0.9,0.4,0.1,0.5,4.6
115,Allen Crabbe,SG,27,ATL,28,1,18.6,2.3,1,0.5,0.1,0.4,5.1
115,Allen Crabbe,SF,27,MIN,9,0,14.6,1.3,0.6,0,0,0.6,3.2
116,Torrey Craig,SF,29,DEN,58,27,18.5,3.3,0.8,0.4,0.6,0.4,5.4
117,Jamal Crawford,SG,39,BRK,1,0,6,0,3,0,0,0,5
118,Jae Crowder,SF-PF,29,TOT,65,53,28.8,5.9,2.5,1.1,0.4,1.1,10.5
118,Jae Crowder,SF,29,MEM,45,45,29.4,6.2,2.8,1,0.3,1.2,9.9
118,Jae Crowder,PF,29,MIA,20,8,27.7,5.4,1.8,1.3,0.5,0.8,11.9
119,Jarrett Culver,SG,20,MIN,63,35,23.9,3.4,1.7,0.9,0.6,1.3,9.2
120,Seth Curry,SG,29,DAL,64,25,24.6,2.3,1.9,0.6,0.1,1,12.4
121,Stephen Curry,PG,31,GSW,5,5,27.8,5.2,6.6,1,0.4,3.2,20.8
122,Troy Daniels,SG,28,TOT,47,0,11.3,1.1,0.4,0.2,0.1,0.3,4.3
122,Troy Daniels,SG,28,LAL,41,0,11.1,1.1,0.3,0.2,0.1,0.2,4.2
122,Troy Daniels,SG,28,DEN,6,0,12.7,1,0.5,0.5,0,0.5,4.3
123,Anthony Davis,PF,26,LAL,62,62,34.4,9.3,3.2,1.5,2.3,2.5,26.1
124,Ed Davis,C,30,UTA,28,1,10.8,3.8,0.4,0.4,0.3,0.5,1.8
125,Terence Davis,SG,22,TOR,72,4,16.8,3.3,1.6,0.5,0.2,1.1,7.5
126,Dewayne Dedmon,C,30,TOT,44,18,17.6,5.7,0.5,0.6,0.9,1.3,5.8
126,Dewayne Dedmon,C,30,SAC,34,10,15.9,4.9,0.4,0.4,0.8,1.4,5.1
126,Dewayne Dedmon,C,30,ATL,10,8,23.3,8.2,0.7,1,1.5,1,8.1
127,Matthew Dellavedova,PG,29,CLE,57,4,14.4,1.3,3.2,0.4,0,1,3.1
128,DeMar DeRozan,SF,30,SAS,68,68,34.1,5.5,5.6,1,0.3,2.4,22.1
129,Cheick Diallo,C,23,PHO,47,2,10.2,2.8,0.5,0.2,0.3,0.7,4.7
130,Hamidou Diallo,SF,21,OKC,46,3,19.5,3.6,0.8,0.8,0.2,1.1,6.9
131,Gorgui Dieng,C,30,TOT,63,17,17.4,5.6,1.2,0.8,0.9,1,7.4
131,Gorgui Dieng,C,30,MIN,46,17,16.9,5.6,1.3,0.8,0.9,1,7.4
131,Gorgui Dieng,C,30,MEM,17,0,18.7,5.8,0.9,0.8,1,0.9,7.2
132,Spencer Dinwiddie,PG,26,BRK,64,49,31.2,3.5,6.8,0.6,0.3,2.7,20.6
133,Donte DiVincenzo,SG,23,MIL,66,24,23,4.8,2.3,1.3,0.3,1.4,9.2
134,Luka Dončić,PG,20,DAL,61,61,33.6,9.4,8.8,1,0.2,4.3,28.8
135,Luguentz Dort,SF,20,OKC,36,28,22.8,2.3,0.8,0.9,0.1,0.6,6.8
136,Damyean Dotson,SG,25,NYK,48,0,17.4,1.9,1.2,0.5,0.1,0.4,6.7
137,Sekou Doumbouya,PF,19,DET,38,19,19.8,3.1,0.5,0.5,0.2,0.9,6.4
138,PJ Dozier,SG,23,DEN,29,0,14.2,1.9,2.2,0.5,0.2,0.9,5.8
139,Goran Dragić,PG,33,MIA,59,3,28.2,3.2,5.1,0.7,0.2,2.4,16.2
140,Andre Drummond,C,26,TOT,57,56,33,15.2,2.7,1.9,1.6,3.6,17.7
140,Andre Drummond,C,26,DET,49,48,33.8,15.8,2.8,2,1.7,3.6,17.8
140,Andre Drummond,C,26,CLE,8,8,28.1,11.1,1.8,1.5,1.4,3.6,17.5
141,Jared Dudley,PF,34,LAL,45,1,8.1,1.2,0.6,0.3,0.1,0.2,1.5
142,Kris Dunn,PG,25,CHI,51,32,24.9,3.6,3.4,2,0.3,1.3,7.3
143,Carsen Edwards,SG,21,BOS,37,0,9.5,1.3,0.6,0.3,0.1,0.4,3.3
144,Henry Ellenson,C,23,BRK,5,0,3,1.2,0.2,0,0,0,0.4
145,Wayne Ellington,SG,32,NYK,36,1,15.5,1.8,1.2,0.4,0.1,0.5,5.1
146,Joel Embiid,C,25,PHI,51,51,29.5,11.6,3,0.9,1.3,3.1,23
147,James Ennis,SF-SG,29,TOT,69,18,18.3,3.6,0.9,0.5,0.3,0.8,6.6
147,James Ennis,SF,29,PHI,49,0,15.8,3.1,0.8,0.5,0.3,0.6,5.8
147,James Ennis,SG,29,ORL,20,18,24.5,4.8,1.1,0.6,0.4,1.4,8.5
148,Drew Eubanks,C,22,SAS,22,3,12.4,3.9,0.7,0.2,0.8,1,4.9
149,Jacob Evans,SG,22,TOT,29,1,14.4,1.4,1.1,0.4,0.4,0.9,4.4
149,Jacob Evans,SG,22,GSW,27,1,15.3,1.5,1.1,0.4,0.4,0.9,4.7
149,Jacob Evans,SG,22,MIN,2,0,2,0,0,0,0,0,0
150,Dante Exum,SG,24,TOT,35,1,13.9,1.9,1.1,0.4,0.2,0.9,4.5
150,Dante Exum,SG,24,UTA,11,0,7.5,1.1,0.6,0.1,0.2,0.9,2.2
150,Dante Exum,SG,24,CLE,24,1,16.8,2.3,1.4,0.5,0.3,0.9,5.6
151,Tacko Fall,C,24,BOS,7,0,4.7,2.1,0.1,0.1,0.6,0.4,3.3
152,Derrick Favors,C,28,NOP,51,49,24.4,9.8,1.6,0.6,0.9,1.1,9
153,Cristiano Felício,C,27,CHI,22,0,17.5,4.6,0.7,0.5,0.1,0.8,3.9
154,Terrance Ferguson,SF,21,OKC,56,38,22.4,1.3,0.9,0.5,0.3,0.6,3.9
155,Bruno Fernando,C,21,ATL,56,13,12.7,3.5,0.9,0.3,0.3,0.8,4.3
156,Yogi Ferrell,PG,26,SAC,50,0,10.6,1,1.4,0.4,0.1,0.6,4.4
157,Dorian Finney-Smith,PF,26,DAL,71,68,29.9,5.7,1.6,0.6,0.5,1,9.5
158,Bryn Forbes,SG,26,SAS,63,62,25.1,2,1.7,0.5,0,0.9,11.2
159,Evan Fournier,SF,27,ORL,66,66,31.5,2.6,3.2,1.1,0.2,1.9,18.5
160,De'Aaron Fox,PG,22,SAC,51,49,32,3.8,6.8,1.5,0.5,3.1,21.1
161,Melvin Frazier,SG,23,ORL,19,0,6.6,0.5,0.2,0.5,0.1,0.3,2.1
162,Michael Frazier,SG,25,HOU,13,0,11.2,0.8,0.2,0.2,0,0.4,2.1
163,Tim Frazier,PG,29,DET,27,11,13.1,1.2,3.4,0.5,0.1,1.3,3.6
164,Markelle Fultz,PG,21,ORL,72,60,27.7,3.3,5.1,1.3,0.2,2,12.1
165,Wenyen Gabriel,PF,22,TOT,30,1,7.8,1.7,0.3,0.4,0.2,0.5,2.1
165,Wenyen Gabriel,PF,22,SAC,11,0,5.5,0.9,0.3,0.3,0.2,0.5,1.7
165,Wenyen Gabriel,PF,22,POR,19,1,9.2,2.2,0.3,0.4,0.3,0.6,2.3
166,Daniel Gafford,C,21,CHI,43,7,14.2,2.5,0.5,0.3,1.3,0.7,5.1
167,Danilo Gallinari,PF,31,OKC,62,62,29.6,5.2,1.9,0.7,0.1,1.2,18.7
168,Langston Galloway,SG,28,DET,66,6,25.8,2.3,1.5,0.7,0.2,0.6,10.3
169,Darius Garland,SG,20,CLE,59,59,30.9,1.9,3.9,0.7,0.1,2.6,12.3
170,Marc Gasol,C,35,TOR,44,43,26.4,6.3,3.3,0.8,0.9,1.3,7.5
171,Rudy Gay,PF,33,SAS,67,5,21.8,5.4,1.7,0.5,0.5,1.3,10.8
172,Paul George,SG,29,LAC,48,48,29.6,5.7,3.9,1.4,0.4,2.6,21.5
173,Taj Gibson,C,34,NYK,62,56,16.5,4.3,0.8,0.4,0.5,0.8,6.1
174,Harry Giles,C,21,SAC,46,17,14.5,4.1,1.3,0.5,0.4,1,6.9
175,Shai Gilgeous-Alexander,SG,21,OKC,70,70,34.7,5.9,3.3,1.1,0.7,1.9,19
176,Rudy Gobert,C,27,UTA,68,68,34.3,13.5,1.5,0.8,2,1.9,15.1
177,Brandon Goodwin,PG,24,ATL,34,1,12.6,2.1,1.5,0.4,0.1,0.9,6.1
178,Aaron Gordon,PF,24,ORL,62,62,32.5,7.7,3.7,0.8,0.6,1.6,14.4
179,Eric Gordon,SF,31,HOU,36,15,28.2,2,1.5,0.6,0.4,1.2,14.4
180,Devonte' Graham,PG,24,CHO,63,53,35.1,3.4,7.5,1,0.2,2.9,18.2
181,Treveon Graham,SF,26,TOT,55,20,16.9,2.7,0.8,0.4,0.1,0.5,4.4
181,Treveon Graham,SF,26,MIN,33,20,20.1,3,0.9,0.5,0.1,0.6,5.2
181,Treveon Graham,SF,26,ATL,22,0,12.1,2.3,0.7,0.3,0.2,0.5,3.3
182,Jerami Grant,PF,25,DEN,71,24,26.6,3.5,1.2,0.7,0.8,0.9,12
183,Jerian Grant,SG,27,WAS,6,0,13.3,1,1.5,0.2,0.2,0.5,4.5
184,Josh Gray,PG,26,NOP,2,0,11.5,1,1,0,0,2.5,1
185,Danny Green,SG,32,LAL,68,68,24.8,3.3,1.3,1.3,0.5,0.9,8
186,Draymond Green,PF,29,GSW,43,43,28.4,6.2,6.2,1.4,0.8,2.3,8
187,JaMychal Green,PF,29,LAC,63,1,20.7,6.2,0.8,0.5,0.4,0.9,6.8
188,Javonte Green,SG,26,BOS,48,2,9.8,1.9,0.5,0.5,0.2,0.5,3.4
189,Jeff Green,PF-C,33,TOT,48,4,20,2.8,1,0.5,0.4,0.9,9.4
189,Jeff Green,PF,33,UTA,30,2,18.4,2.7,0.7,0.4,0.3,0.9,7.8
189,Jeff Green,C,33,HOU,18,2,22.6,2.9,1.7,0.8,0.5,0.8,12.2
190,Blake Griffin,PF,30,DET,18,18,28.4,4.7,3.3,0.4,0.4,2.2,15.5
191,Marko Guduric,SG,24,MEM,44,0,11,1.7,1,0.3,0.2,0.8,3.9
192,Kyle Guy,SG,22,SAC,3,0,3.3,0.3,0.3,0,0,0,1.3
193,Rui Hachimura,PF,21,WAS,48,48,30.1,6.1,1.8,0.8,0.2,1.1,13.5
194,Devon Hall,PG,24,OKC,11,0,7.4,0.6,1.2,0.4,0.1,0.5,1.8
195,Donta Hall,C-PF,22,TOT,9,0,14.8,4.2,0.4,0.3,0.7,0.6,4.3
195,Donta Hall,PF,22,DET,4,0,12,3.8,0.5,0.3,0.3,0.5,1.5
195,Donta Hall,C,22,BRK,5,0,17,4.6,0.4,0.4,1,0.6,6.6
196,Dusty Hannahs,SG,26,MEM,2,0,6.5,0.5,0,0,0,0,6
197,Tim Hardaway Jr.,SG,27,DAL,71,58,29.5,3.3,1.9,0.6,0.1,1,15.8
198,James Harden,SG,30,HOU,68,68,36.5,6.6,7.5,1.8,0.9,4.5,34.3
199,Maurice Harkless,PF-SF,26,TOT,62,48,23,3.9,1.1,0.9,0.5,0.9,5.8
199,Maurice Harkless,PF,26,LAC,50,38,22.8,4,1,1,0.6,0.9,5.5
199,Maurice Harkless,SF,26,NYK,12,10,23.8,3.3,1.7,0.8,0.3,0.6,6.8
200,Jared Harper,PG,22,PHO,3,0,2.7,0,0,0,0,0,0.7
201,Montrezl Harrell,C,26,LAC,63,2,27.8,7.1,1.7,0.6,1.1,1.7,18.6
202,Gary Harris,SG,25,DEN,56,55,31.8,2.9,2.1,1.4,0.3,1.1,10.4
203,Joe Harris,SF,28,BRK,69,69,30.8,4.3,2.1,0.6,0.2,1.5,14.5
204,Tobias Harris,PF,27,PHI,72,72,34.3,6.9,3.2,0.7,0.6,1.4,19.6
205,Shaquille Harrison,SG,26,CHI,43,10,11.3,2,1.1,0.8,0.4,0.4,4.9
206,Josh Hart,SF,24,NOP,65,16,27,6.5,1.7,1,0.4,1.2,10.1
207,Isaiah Hartenstein,C,21,HOU,23,2,11.6,3.9,0.8,0.4,0.5,0.7,4.7
208,Udonis Haslem,C,39,MIA,4,1,11,4,0.3,0,0,0.3,3
209,Jaxson Hayes,C,19,NOP,64,14,16.9,4,0.9,0.4,0.9,0.8,7.4
210,Gordon Hayward,SF,29,BOS,52,52,33.5,6.7,4.1,0.7,0.4,1.8,17.5
211,John Henson,C,29,TOT,40,8,15,4.1,1.4,0.6,1.1,0.9,5.5
211,John Henson,C,29,CLE,29,2,14.2,3.9,1.5,0.6,1.1,0.7,5
211,John Henson,C,29,DET,11,6,17.1,4.4,1,0.7,0.9,1.4,6.9
212,Dewan Hernandez,C,23,TOR,6,0,4.7,2.3,0.5,0.2,0,0.5,2.3
213,Juan Hernangómez,PF,24,TOT,48,14,17.4,4.1,0.8,0.4,0.2,0.7,6
213,Juan Hernangómez,PF,24,DEN,34,0,12.4,2.8,0.6,0.1,0.1,0.5,3.1
213,Juan Hernangómez,PF,24,MIN,14,14,29.4,7.3,1.3,1,0.3,1,12.9
214,Willy Hernangómez,C,25,CHO,31,0,12.1,4.3,0.9,0.3,0.2,1,6.1
215,Tyler Herro,SG,20,MIA,55,8,27.4,4.1,2.2,0.6,0.2,1.6,13.5
216,Kevin Hervey,PF,23,OKC,10,0,5.2,1.2,0.5,0.1,0.1,0,1.7
217,Mario Hezonja,PF,24,POR,53,4,16.4,3.5,0.9,0.7,0.2,0.8,4.8
218,Buddy Hield,SG,27,SAC,72,44,30.8,4.6,3,0.9,0.2,2.3,19.2
219,George Hill,PG,33,MIL,59,2,21.5,3,3.1,0.8,0.1,1,9.4
220,Solomon Hill,PF,28,TOT,59,4,18.4,2.8,1.8,0.7,0.2,0.9,5.5
220,Solomon Hill,PF,28,MEM,48,3,18.8,3,2,0.6,0.1,0.8,5.7
220,Solomon Hill,PF,28,MIA,11,1,17,1.9,0.9,1.1,0.5,1,4.5
221,Jaylen Hoard,PF,20,POR,13,0,7.9,2.5,0.3,0.4,0,0.3,2.9
222,Aaron Holiday,PG,23,IND,66,33,24.5,2.4,3.4,0.8,0.2,1.3,9.5
223,Jrue Holiday,SG,29,NOP,61,61,34.7,4.8,6.7,1.6,0.8,3,19.1
224,Justin Holiday,SF,30,IND,73,6,25,3.3,1.3,1.2,0.6,0.6,8.3
225,Rondae Hollis-Jefferson,PF,25,TOR,60,6,18.7,4.7,1.8,0.8,0.4,1,7
226,Richaun Holmes,C,26,SAC,44,38,28.2,8.1,1,0.9,1.3,1.2,12.3
227,Rodney Hood,SF,27,POR,21,21,29.5,3.4,1.5,0.8,0.2,0.9,11
228,Al Horford,C,33,PHI,67,61,30.2,6.8,4,0.8,0.9,1.2,11.9
229,Talen Horton-Tucker,SG,19,LAL,6,1,13.5,1.2,1,1.3,0.2,1,5.7
230,Danuel House,SF,26,HOU,63,52,30.4,4.2,1.3,1.1,0.5,0.9,10.5
231,Dwight Howard,C,34,LAL,69,2,18.9,7.3,0.7,0.4,1.1,1.2,7.5
232,William Howard,PF,26,HOU,2,0,6.5,1,0.5,0,0,0.5,0
233,Kevin Huerter,SG,21,ATL,56,48,31.4,4.1,3.8,0.9,0.5,1.6,12.2
234,De'Andre Hunter,SF,22,ATL,63,62,32,4.5,1.8,0.7,0.3,1.6,12.3
235,Chandler Hutchison,SF,23,CHI,28,10,18.8,3.9,0.9,1,0.3,1,7.8
236,Serge Ibaka,C,30,TOR,55,27,27,8.2,1.4,0.5,0.8,2,15.4
237,Andre Iguodala,SF,36,MIA,21,0,19.9,3.7,2.4,0.7,1,1.2,4.6
238,Ersan İlyasova,PF,32,MIL,63,8,15.7,4.8,0.8,0.4,0.3,0.5,6.6
239,Joe Ingles,PF,32,UTA,72,45,29.7,3.9,5.2,0.9,0.2,2,9.8
240,Brandon Ingram,PF,22,NOP,62,62,33.9,6.1,4.2,1,0.6,3,23.8
241,Kyrie Irving,PG,27,BRK,20,20,32.9,5.2,6.4,1.4,0.5,2.6,27.4
242,Jonathan Isaac,PF,22,ORL,34,32,28.8,6.8,1.4,1.6,2.3,1.4,11.9
243,Wesley Iwundu,SF,25,ORL,52,21,18.3,2.5,1.2,0.5,0.3,0.5,5.8
244,Frank Jackson,PG,21,NOP,59,2,13.5,1.4,1,0.3,0.1,0.8,6.3
245,Jaren Jackson Jr.,C,20,MEM,57,57,28.5,4.6,1.4,0.7,1.6,1.7,17.4
246,Josh Jackson,SF,22,MEM,22,0,17.3,3,1.6,0.8,0.4,1.3,9
247,Justin Jackson,PF,24,DAL,65,3,16.1,2.4,0.8,0.2,0.2,0.2,5.5
248,Reggie Jackson,SG-PG,29,TOT,31,16,24,3,4.1,0.4,0.2,1.6,11.9
248,Reggie Jackson,PG,29,DET,14,10,27.2,2.9,5.1,0.6,0.1,1.6,14.9
248,Reggie Jackson,SG,29,LAC,17,6,21.3,3,3.2,0.3,0.2,1.6,9.5
249,Justin James,SF,23,SAC,36,0,6.4,0.9,0.5,0.2,0.3,0.2,2.5
250,LeBron James,PG,35,LAL,67,67,34.6,7.8,10.2,1.2,0.5,3.9,25.3
251,Amile Jefferson,PF,26,ORL,18,0,4.1,1.3,0.2,0.1,0.2,0.2,0.8
252,DaQuan Jeffries,SG,22,SAC,13,0,10.8,1.4,0.5,0.3,0.1,0.2,3.8
253,Ty Jerome,SG,22,PHO,31,0,10.6,1.5,1.4,0.5,0.1,0.6,3.3
254,Alize Johnson,PF,23,IND,17,1,6.9,2.8,0.4,0.2,0.1,0.4,2
255,B.J. Johnson,SF,24,ORL,10,0,8.3,1.5,0.3,0.3,0,0.6,3
256,Cameron Johnson,PF,23,PHO,57,9,22,3.3,1.2,0.6,0.4,0.6,8.8
257,James Johnson,PF-C,32,TOT,32,1,19.3,3.7,2.3,0.8,1,1.5,8.4
257,James Johnson,PF,32,MIA,18,0,15.6,2.9,1.2,0.3,0.7,0.8,5.7
257,James Johnson,C,32,MIN,14,1,24.1,4.7,3.8,1.4,1.4,2.4,12
258,Keldon Johnson,SF,20,SAS,17,1,17.7,3.4,0.9,0.8,0.1,0.8,9.1
259,Stanley Johnson,PF,23,TOR,25,0,6,1.5,0.8,0.2,0.2,0.6,2.4
260,Tyler Johnson,PG-SG,27,TOT,39,7,18.2,1.9,1.9,0.4,0.2,0.7,7
260,Tyler Johnson,PG,27,PHO,31,3,16.6,1.7,1.6,0.4,0.3,0.8,5.7
260,Tyler Johnson,SG,27,BRK,8,4,24.3,3,3,0.5,0.1,0.6,12
261,Nikola Jokić,C,24,DEN,73,73,32,9.7,7,1.2,0.6,3.1,19.9
262,Damian Jones,C,24,ATL,55,27,16.1,3.7,0.6,0.5,0.7,0.5,5.6
263,Derrick Jones Jr.,SF,22,MIA,59,16,23.3,3.9,1.1,1,0.6,0.5,8.5
264,Tyus Jones,PG,23,MEM,65,6,19,1.6,4.4,0.9,0.1,0.8,7.4
265,DeAndre Jordan,C,31,BRK,56,6,22,10,1.9,0.3,0.9,1.3,8.3
266,Cory Joseph,PG,28,SAC,72,26,24.4,2.6,3.5,0.7,0.3,1.1,6.4
267,Mfiondu Kabengele,C,22,LAC,12,0,5.3,0.9,0.2,0.2,0.2,0.2,3.5
268,Frank Kaminsky,C,26,PHO,39,13,19.9,4.5,1.9,0.4,0.3,0.9,9.7
269,Enes Kanter,C,27,BOS,58,7,16.9,7.4,1,0.4,0.7,1,8.1
270,Luke Kennard,SG,23,DET,28,25,32.9,3.5,4.1,0.4,0.2,1.5,15.8
271,Stanton Kidd,SG,27,UTA,4,0,3.8,0.8,0.3,0,0,0.5,0
272,Michael Kidd-Gilchrist,PF,26,TOT,25,0,11.2,2.7,0.6,0.1,0.2,0.6,2.4
272,Michael Kidd-Gilchrist,PF,26,CHO,12,0,13.3,2.9,0.8,0,0.3,0.6,4
272,Michael Kidd-Gilchrist,PF,26,DAL,13,0,9.3,2.5,0.3,0.2,0.2,0.7,0.9
273,Louis King,SF,20,DET,10,0,6.2,1,0.5,0.2,0,0.2,2
274,Maxi Kleber,PF,28,DAL,74,21,25.5,5.2,1.2,0.3,1.1,0.8,9.1
275,Brandon Knight,SG-PG,28,TOT,25,3,18.5,1.6,2.8,0.4,0.1,1.5,7.3
275,Brandon Knight,SG,28,CLE,16,0,15.1,1.3,1.9,0.3,0.1,1,4.9
275,Brandon Knight,PG,28,DET,9,3,24.6,2.3,4.2,0.6,0.1,2.4,11.6
276,Kevin Knox,SF,20,NYK,65,4,17.9,2.8,0.9,0.4,0.4,0.7,6.4
277,John Konchar,SG,23,MEM,19,0,9.5,2.5,1.2,0.4,0.2,0.4,2.8
278,Furkan Korkmaz,SG,22,PHI,72,12,21.7,2.3,1.1,0.6,0.2,0.8,9.8
279,Luke Kornet,C,24,CHI,36,14,15.5,2.3,0.9,0.3,0.7,0.4,6
280,Kyle Korver,SF,38,MIL,58,1,16.6,2.1,1.2,0.4,0.2,0.8,6.7
281,Rodions Kurucs,PF,21,BRK,47,9,14.6,2.9,1.1,0.5,0.1,1,4.6
282,Kyle Kuzma,PF,24,LAL,61,9,25,4.5,1.3,0.5,0.4,1.5,12.8
283,Skal Labissière,C,23,POR,33,1,17.2,5.1,1.3,0.2,0.9,0.9,5.8
284,Jeremy Lamb,SG,27,IND,46,42,28.1,4.3,2.1,1.2,0.5,1.1,12.5
285,Romeo Langford,SG,20,BOS,32,2,11.6,1.3,0.4,0.3,0.3,0.3,2.5
286,Zach LaVine,SG,24,CHI,60,60,34.8,4.8,4.2,1.5,0.5,3.4,25.5
287,Vic Law,PF,24,ORL,8,0,7.8,1.4,0.4,0.3,0,0.3,1.9
288,Jake Layman,SF,25,MIN,23,2,22,2.5,0.7,0.7,0.4,1,9.1
289,T.J. Leaf,PF,22,IND,28,1,7.9,2.5,0.3,0.4,0.1,0.3,3
290,Jalen Lecque,SG,19,PHO,5,0,6.4,0.4,0.4,0,0,0.4,2
291,Courtney Lee,SG,34,DAL,24,9,14.4,1.3,0.5,0.8,0.3,0.5,4.5
292,Damion Lee,SG,27,GSW,49,36,29,4.9,2.7,1,0.1,1.4,12.7
293,Alex Len,C,26,TOT,55,12,17.6,5.8,0.9,0.4,0.9,1,8
293,Alex Len,C,26,ATL,40,9,18.6,5.8,1.1,0.5,0.8,1,8.7
293,Alex Len,C,26,SAC,15,3,15,6.1,0.5,0.2,1,1.1,5.9
294,Kawhi Leonard,SF,28,LAC,57,57,32.4,7.1,4.9,1.8,0.6,2.6,27.1
295,Meyers Leonard,C,27,MIA,51,49,20.3,5.1,1.1,0.3,0.3,0.8,6.1
296,Caris LeVert,SG,25,BRK,45,31,29.6,4.2,4.4,1.2,0.2,2.6,18.7
297,Damian Lillard,PG,29,POR,66,66,37.5,4.3,8,1.1,0.3,2.9,30
298,Nassir Little,PF,19,POR,48,5,11.9,2.3,0.5,0.3,0.3,0.3,3.6
299,Kevon Looney,C,23,GSW,20,4,13.1,3.3,1,0.6,0.3,0.6,3.4
300,Brook Lopez,C,31,MIL,68,67,26.7,4.6,1.5,0.7,2.4,1,12
301,Robin Lopez,C,31,MIL,66,5,14.5,2.4,0.7,0.2,0.7,1,5.4
302,Kevin Love,PF,31,CLE,56,56,31.8,9.8,3.2,0.6,0.3,2.5,17.6
303,Kyle Lowry,PG,33,TOR,58,58,36.2,5,7.5,1.4,0.4,3.1,19.4
304,Timothé Luwawu-Cabarrot,SF,24,BRK,47,2,18.1,2.7,0.6,0.4,0.1,0.8,7.8
305,Trey Lyles,PF,24,SAS,63,53,20.2,5.7,1.1,0.4,0.4,0.6,6.4
306,Daryl Macon,PG,24,MIA,4,0,3.5,0,0.3,0,0,0.5,0.8
307,J.P. Macura,SG,24,CLE,1,0,1,0,0,0,0,0,0
308,Josh Magette,PG,30,ORL,8,0,4.8,0.8,0.6,0.4,0.1,0.6,1.5
309,Ian Mahinmi,C,33,WAS,38,35,21.3,5.7,1.3,0.8,1.2,1.2,7.4
310,Thon Maker,C,22,DET,60,14,12.9,2.8,0.7,0.4,0.7,0.8,4.7
311,Terance Mann,SF,23,LAC,41,6,8.8,1.3,1.3,0.3,0.1,0.4,2.4
312,Boban Marjanović,C,31,DAL,44,5,9.6,4.5,0.5,0.2,0.2,0.7,6.6
313,Lauri Markkanen,PF,22,CHI,50,50,29.8,6.3,1.5,0.8,0.5,1.6,14.7
314,Caleb Martin,SF,24,CHO,18,1,17.6,2.1,1.3,0.7,0.4,0.8,6.2
315,Cody Martin,SF,24,CHO,48,3,18.8,3.3,2,0.8,0.2,0.9,5
316,Jeremiah Martin,PG,23,BRK,9,0,11,1.1,2,0.8,0.2,0.4,7.1
317,Kelan Martin,SF,24,MIN,31,4,16,3.1,0.7,0.2,0.3,0.6,6.4
318,Frank Mason III,PG,25,MIL,9,0,13.1,2.1,3.2,0.6,0.1,1.2,6.9
319,Garrison Mathews,SG,23,WAS,18,0,12.6,1.3,0.6,0.4,0.1,0.4,5.4
320,Wesley Matthews,SG,33,MIL,67,67,24.4,2.5,1.4,0.6,0.1,0.6,7.4
321,Luc Mbah a Moute,PF,33,HOU,3,0,8.3,0.7,0,0.7,0,0.3,1.7
322,Patrick McCaw,SF,24,TOR,37,12,24.5,2.3,2.1,1.1,0.1,0.8,4.6
323,CJ McCollum,SG,28,POR,70,70,36.5,4.2,4.4,0.8,0.6,1.8,22.2
324,T.J. McConnell,PG,27,IND,71,3,18.7,2.7,5,0.8,0.2,1.4,6.5
325,Jalen McDaniels,SF,22,CHO,16,0,18.3,4.1,0.8,0.5,0.2,0.7,5.6
326,Doug McDermott,PF,28,IND,69,0,19.9,2.5,1.1,0.2,0.1,0.6,10.3
327,JaVale McGee,C,32,LAL,68,68,16.6,5.7,0.5,0.5,1.4,0.8,6.6
328,Rodney McGruder,SG,28,LAC,56,4,15.6,2.7,0.6,0.5,0.1,0.4,3.3
329,Alfonzo McKinnie,SF,27,CLE,40,1,14.8,2.8,0.4,0.6,0.2,0.7,4.6
330,Jordan McLaughlin,PG,23,MIN,30,2,19.7,1.6,4.2,1.1,0.1,1,7.6
331,Ben McLemore,SF,26,HOU,71,23,22.8,2.2,0.8,0.6,0.2,0.7,10.1
332,Jordan McRae,SG,28,TOT,37,4,21.2,3.4,2.5,0.6,0.4,1.2,11.5
332,Jordan McRae,SG,28,WAS,29,4,22.6,3.6,2.8,0.7,0.5,1.3,12.8
332,Jordan McRae,SG,28,DEN,4,0,8,1.3,1,0.5,0.3,0,2.3
332,Jordan McRae,SG,28,DET,4,0,24.5,3.8,1.8,0,0,1.3,11.8
333,Nicolò Melli,C,29,NOP,60,8,17.4,3,1.4,0.6,0.4,0.8,6.6
334,De'Anthony Melton,PG,21,MEM,60,8,19.5,3.7,2.9,1.3,0.3,1.4,7.6
335,Chimezie Metu,C,22,SAS,18,0,5.8,1.8,0.6,0.2,0.3,0.6,3.2
336,Khris Middleton,SF,28,MIL,62,59,29.9,6.2,4.3,0.9,0.1,2.2,20.9
337,Eric Mika,C,25,SAC,1,0,19,7,0,0,0,0,6
338,C.J. Miles,SF,32,WAS,10,0,16.1,1.2,1.2,1,0.4,0.4,6.4
339,Malcolm Miller,SF,26,TOR,28,1,5.8,0.6,0.4,0.2,0.1,0.1,1.3
340,Patty Mills,PG,31,SAS,66,1,22.5,1.6,1.8,0.8,0.1,0.8,11.6
341,Paul Millsap,PF,34,DEN,51,48,24.3,5.7,1.6,0.9,0.6,1.4,11.6
342,Shake Milton,SG,23,PHI,40,24,20.1,2.2,2.6,0.5,0.2,1.2,9.4
343,Donovan Mitchell,SG,23,UTA,69,69,34.3,4.4,4.3,1,0.2,2.7,24
344,Naz Mitrou-Long,SG,26,IND,5,0,9.4,1.4,1.6,0.2,0.2,0.6,2.8
345,Adam Mokoka,SF,21,CHI,11,0,10.2,0.9,0.4,0.4,0,0.2,2.9
346,Malik Monk,SG,21,CHO,55,1,21.3,2.9,2.1,0.5,0.3,1.4,10.3
347,Matt Mooney,SG,22,CLE,4,0,4.8,0.8,0.3,0.5,0.3,0,0.5
348,E'Twaun Moore,SG,30,NOP,56,6,18.2,2.3,1.4,0.6,0.2,0.7,8.3
349,Ja Morant,PG,20,MEM,67,67,31,3.9,7.3,0.9,0.3,3.3,17.8
350,Juwan Morgan,PF,22,UTA,21,0,6.4,1.4,0.3,0,0.1,0.3,1.7
351,Marcus Morris,SF-PF,30,TOT,62,62,31.2,5,1.4,0.8,0.5,1.6,16.7
351,Marcus Morris,SF,30,NYK,43,43,32.3,5.4,1.4,0.8,0.4,1.7,19.6
351,Marcus Morris,PF,30,LAC,19,19,28.9,4.1,1.4,0.7,0.7,1.3,10.1
352,Markieff Morris,PF,30,TOT,58,17,20.5,3.8,1.3,0.5,0.3,1.3,9.7
352,Markieff Morris,PF,30,DET,44,16,22.5,3.9,1.6,0.6,0.3,1.6,11
352,Markieff Morris,PF,30,LAL,14,1,14.2,3.2,0.6,0.4,0.4,0.4,5.3
353,Monte Morris,PG,24,DEN,73,12,22.4,1.9,3.5,0.8,0.2,0.7,9
354,Johnathan Motley,PF,24,LAC,13,0,3.2,0.8,0.6,0.2,0,0.4,2.2
355,Emmanuel Mudiay,PG,23,UTA,54,2,15.7,2.3,2.1,0.4,0.2,1.4,7.3
356,Mychal Mulder,SF,25,GSW,7,3,29.1,3.3,1.1,0.3,0.1,0.7,11
357,Dejounte Murray,PG,23,SAS,66,58,25.6,5.8,4.1,1.7,0.3,1.9,10.9
358,Jamal Murray,PG,22,DEN,59,59,32.3,4,4.8,1.1,0.3,2.2,18.5
359,Džanan Musa,SF,20,BRK,40,0,12.2,2.2,1.1,0.4,0,0.9,4.8
360,Mike Muscala,C,28,OKC,47,2,12.2,2.3,0.9,0.2,0.3,0.4,4.8
361,Sviatoslav Mykhailiuk,SF,22,DET,56,27,22.6,1.9,1.9,0.7,0.1,1.1,9
362,Abdel Nader,SF,26,OKC,55,6,15.8,1.8,0.7,0.4,0.4,0.8,6.3
363,Larry Nance Jr.,PF,27,CLE,56,10,26.3,7.3,2.2,1,0.4,1.1,10.1
364,Shabazz Napier,PG,28,TOT,56,32,24,2.8,4.7,1.2,0.2,2.3,10.3
364,Shabazz Napier,PG,28,MIN,36,22,23.8,3.1,5.2,1.1,0.2,2.1,9.6
364,Shabazz Napier,PG,28,WAS,20,10,24.4,2.4,3.8,1.5,0.2,2.6,11.6
365,Raul Neto,PG,27,PHI,54,3,12.4,1.1,1.8,0.4,0.1,0.9,5.1
366,Malik Newman,SG,22,CLE,1,0,4,0,0,0,0,1,2
367,Georges Niang,PF,26,UTA,66,1,14,1.9,0.7,0.3,0.1,0.5,5.9
368,Joakim Noah,C,34,LAC,5,0,10,3.2,1.4,0.2,0.2,1.2,2.8
369,Nerlens Noel,C,25,OKC,61,7,18.5,4.9,0.9,1,1.5,1.1,7.4
370,Zach Norvell,SG,22,TOT,5,0,8.2,1.2,0.6,0.4,0,0.6,2
370,Zach Norvell,SG,22,LAL,2,0,2.5,0.5,0,0,0,0,0
370,Zach Norvell,SG,22,GSW,3,0,12,1.7,1,0.7,0,1,3.3
371,Jaylen Nowell,SG,20,MIN,15,0,10.1,0.9,1.3,0.2,0.1,0.2,3.8
372,Frank Ntilikina,PG,21,NYK,57,26,20.8,2.1,3,0.9,0.3,1.2,6.3
373,Kendrick Nunn,PG,24,MIA,67,67,29.3,2.7,3.3,0.8,0.2,1.7,15.3
374,Jusuf Nurkić,C,25,POR,8,8,31.6,10.3,4,1.4,2,2.4,17.6
375,David Nwaba,SG,27,BRK,20,0,13.4,2.3,0.4,0.6,0.6,0.4,5.2
376,Royce O'Neale,SF,26,UTA,71,62,28.9,5.5,2.5,0.8,0.5,0.9,6.3
377,Kyle O'Quinn,C,29,PHI,29,2,10.8,4,1.8,0.2,0.8,0.7,3.5
378,Semi Ojeleye,PF,25,BOS,69,6,14.7,2.1,0.5,0.3,0.1,0.3,3.4
379,Jahlil Okafor,C,24,NOP,30,9,15.6,4.2,1.2,0.2,0.7,1.3,8.1
380,Elie Okobo,PG,22,PHO,55,3,13.1,1.6,2.1,0.4,0.1,0.7,4
381,Josh Okogie,SG,21,MIN,62,28,25,4.3,1.6,1.1,0.4,1.4,8.6
382,KZ Okpala,PF,20,MIA,5,0,5.2,1,0.2,0.4,0.2,0.2,1.4
383,Victor Oladipo,SG,27,IND,19,16,27.8,3.9,2.9,0.9,0.2,2.5,14.5
384,Kelly Olynyk,C,28,MIA,67,9,19.4,4.6,1.7,0.7,0.3,1.1,8.2
385,Miye Oni,SF,22,UTA,10,1,10.9,1.7,0.4,0.4,0.2,0.4,3.5
386,Cedi Osman,SF,24,CLE,65,65,29.4,3.6,2.4,0.8,0.2,1.4,11
387,Kelly Oubre Jr.,SF,24,PHO,56,55,34.5,6.4,1.5,1.3,0.7,1.5,18.7
388,Tariq Owens,PF,24,PHO,3,0,5,1,0,0.3,0,0,1.3
389,Jeremy Pargo,PG,33,GSW,3,0,14.7,1,2.7,0.3,0,1.3,8.3
390,Jabari Parker,PF,24,TOT,38,23,24.1,5.6,1.8,1.2,0.4,1.7,14
390,Jabari Parker,PF,24,ATL,32,23,26.2,6,1.8,1.3,0.5,1.9,15
390,Jabari Parker,PF,24,SAC,6,0,13.3,3.8,1.7,0.5,0.2,0.7,8.5
391,Chandler Parsons,PF,31,ATL,5,0,10.8,1.4,0.6,0.8,0.2,0.6,2.8
392,Eric Paschall,PF,23,GSW,60,26,27.6,4.6,2.1,0.5,0.2,1.6,14
393,Anžejs Pasečņiks,C,24,WAS,27,0,16.2,4,0.7,0.3,0.4,0.9,5.8
394,Patrick Patterson,PF,30,LAC,59,18,13.2,2.6,0.7,0.1,0.1,0.4,4.9
395,Justin Patton,C,22,OKC,5,0,4.8,1,0.4,0,0,0.4,1.8
396,Chris Paul,PG,34,OKC,70,70,31.5,5,6.7,1.6,0.2,2.3,17.6
397,Cameron Payne,SG,25,PHO,8,0,22.9,3.9,3,1,0.3,1.4,10.9
398,Elfrid Payton,PG,25,NYK,45,36,27.7,4.7,7.2,1.6,0.4,2.1,10
399,Gary Payton II,SF,27,WAS,29,17,14.9,2.8,1.7,1.1,0.2,0.7,3.9
400,Norvel Pelle,C,26,PHI,24,0,9.7,3,0.3,0.1,1.3,0.8,2.4
401,Theo Pinson,SG,24,BRK,33,0,11.1,1.6,1.7,0.5,0.1,1,3.6
402,Mason Plumlee,C,29,DEN,61,1,17.3,5.2,2.5,0.5,0.6,1.3,7.2
403,Jakob Poeltl,C,24,SAS,66,18,17.7,5.7,1.8,0.6,1.4,0.8,5.6
404,Vincent Poirier,C,26,BOS,22,0,5.9,2,0.4,0.1,0.4,0.4,1.9
405,Shamorie Ponds,PG,21,TOR,4,0,2.8,0.3,0.5,0,0.3,0,2.3
406,Jordan Poole,SG,20,GSW,57,14,22.4,2.1,2.4,0.6,0.2,1.3,8.8